{
  "BANCO SANTANDER": {
    "tramo_1": { "desde": 500000, "hasta": 1000000, "tasa_mensual": 0.003456 },
    "tramo_2": { "desde": 1000001, "hasta": 3000000, "tasa_mensual": 0.002124 },
    "tramo_3": { "desde": 3000001, "hasta": 5000000, "tasa_mensual": 0.001884 },
    "tramo_4": { "desde": 5000001, "hasta": 7000000, "tasa_mensual": 0.001812 },
    "tramo_5": { "desde": 7000001, "hasta": null, "tasa_mensual": 0.0018 }
  },
  "BANCO BCI": {
    "tramo_1": { "desde": 500000, "hasta": 1000000, "tasa_mensual": 0.003456 },
    "tramo_2": { "desde": 1000001, "hasta": 3000000, "tasa_mensual": 0.002124 },
    "tramo_3": { "desde": 3000001, "hasta": 5000000, "tasa_mensual": 0.001884 },
    "tramo_4": { "desde": 5000001, "hasta": 7000000, "tasa_mensual": 0.001812 },
    "tramo_5": { "desde": 7000001, "hasta": null, "tasa_mensual": 0.0018 }
  },
  "SCOTIABANK": {
    "tramo_1": { "desde": 500000, "hasta": 1000000, "tasa_mensual": 0.003456 },
    "tramo_2": { "desde": 1000001, "hasta": 3000000, "tasa_mensual": 0.002124 },
    "tramo_3": { "desde": 3000001, "hasta": 5000000, "tasa_mensual": 0.001884 },
    "tramo_4": { "desde": 5000001, "hasta": 7000000, "tasa_mensual": 0.001812 },
    "tramo_5": { "desde": 7000001, "hasta": null, "tasa_mensual": 0.0018 }
  },
  "BANCO CHILE": {
    "tramo_1": { "desde": 500000, "hasta": 1000000, "tasa_mensual": 0.003456 },
    "tramo_2": { "desde": 1000001, "hasta": 3000000, "tasa_mensual": 0.002124 },
    "tramo_3": { "desde": 3000001, "hasta": 5000000, "tasa_mensual": 0.001884 },
    "tramo_4": { "desde": 5000001, "hasta": 7000000, "tasa_mensual": 0.001812 },
    "tramo_5": { "desde": 7000001, "hasta": null, "tasa_mensual": 0.0018 }
  },
  "BANCO ITAÚ": {
    "tramo_1": { "desde": 500000, "hasta": 1000000, "tasa_mensual": 0.003456 },
    "tramo_2": { "desde": 1000001, "hasta": 3000000, "tasa_mensual": 0.002124 },
    "tramo_3": { "desde": 3000001, "hasta": 5000000, "tasa_mensual": 0.001884 },
    "tramo_4": { "desde": 5000001, "hasta": 7000000, "tasa_mensual": 0.001812 },
    "tramo_5": { "desde": 7000001, "hasta": null, "tasa_mensual": 0.0018 }
  },
  "BANCO ITAU-CORPBANCA": {
    "tramo_1": { "desde": 500000, "hasta": 1000000, "tasa_mensual": 0.003456 },
    "tramo_2": { "desde": 1000001, "hasta": 3000000, "tasa_mensual": 0.002124 },
    "tramo_3": { "desde": 3000001, "hasta": 5000000, "tasa_mensual": 0.001884 },
    "tramo_4": { "desde": 5000001, "hasta": 7000000, "tasa_mensual": 0.001812 },
    "tramo_5": { "desde": 7000001, "hasta": null, "tasa_mensual": 0.0018 }
  },
  "BANCO BICE": {
    "tramo_1": { "desde": 500000, "hasta": 1000000, "tasa_mensual": 0.003456 },
    "tramo_2": { "desde": 1000001, "hasta": 3000000, "tasa_mensual": 0.002124 },
    "tramo_3": { "desde": 3000001, "hasta": 5000000, "tasa_mensual": 0.001884 },
    "tramo_4": { "desde": 5000001, "hasta": 7000000, "tasa_mensual": 0.001812 },
    "tramo_5": { "desde": 7000001, "hasta": null, "tasa_mensual": 0.0018 }
  },
  "BANCO ESTADO": {
    "tramo_1": { "desde": 500000, "hasta": 1000000, "tasa_mensual": 0.003456 },
    "tramo_2": { "desde": 1000001, "hasta": 3000000, "tasa_mensual": 0.002124 },
    "tramo_3": { "desde": 3000001, "hasta": 5000000, "tasa_mensual": 0.001884 },
    "tramo_4": { "desde": 5000001, "hasta": 7000000, "tasa_mensual": 0.001812 },
    "tramo_5": { "desde": 7000001, "hasta": null, "tasa_mensual": 0.0018 }
  },
  "BANCO RIPLEY": {
    "tramo_1": { "desde": 500000, "hasta": 1000000, "tasa_mensual": 0.003456 },
    "tramo_2": { "desde": 1000001, "hasta": 3000000, "tasa_mensual": 0.002124 },
    "tramo_3": { "desde": 3000001, "hasta": 5000000, "tasa_mensual": 0.001884 },
    "tramo_4": { "desde": 5000001, "hasta": 7000000, "tasa_mensual": 0.001812 },
    "tramo_5": { "desde": 7000001, "hasta": null, "tasa_mensual": 0.0018 }
  },
  "BANCO CONSORCIO": {
    "tramo_1": { "desde": 500000, "hasta": 1000000, "tasa_mensual": 0.003456 },
    "tramo_2": { "desde": 1000001, "hasta": 3000000, "tasa_mensual": 0.002124 },
    "tramo_3": { "desde": 3000001, "hasta": 5000000, "tasa_mensual": 0.001884 },
    "tramo_4": { "desde": 5000001, "hasta": 7000000, "tasa_mensual": 0.001812 },
    "tramo_5": { "desde": 7000001, "hasta": null, "tasa_mensual": 0.0018 }
  },
  "BANCO FALABELLA": {
    "tramo_1": { "desde": 500000, "hasta": 1000000, "tasa_mensual": 0.003456 },
    "tramo_2": { "desde": 1000001, "hasta": 3000000, "tasa_mensual": 0.002124 },
    "tramo_3": { "desde": 3000001, "hasta": 5000000, "tasa_mensual": 0.001884 },
    "tramo_4": { "desde": 5000001, "hasta": 7000000, "tasa_mensual": 0.001812 },
    "tramo_5": { "desde": 7000001, "hasta": null, "tasa_mensual": 0.0018 }
  },
  "COOPEUCH": {
    "tramo_1": { "desde": 500000, "hasta": 1000000, "tasa_mensual": 0.003456 },
    "tramo_2": { "desde": 1000001, "hasta": 3000000, "tasa_mensual": 0.002124 },
    "tramo_3": { "desde": 3000001, "hasta": 5000000, "tasa_mensual": 0.001884 },
    "tramo_4": { "desde": 5000001, "hasta": 7000000, "tasa_mensual": 0.001812 },
    "tramo_5": { "desde": 7000001, "hasta": null, "tasa_mensual": 0.0018 }
  },
  "BANCO SECURITY": {
    "tramo_1": { "desde": 500000, "hasta": 1000000, "tasa_mensual": 0.003456 },
    "tramo_2": { "desde": 1000001, "hasta": 3000000, "tasa_mensual": 0.002124 },
    "tramo_3": { "desde": 3000001, "hasta": 5000000, "tasa_mensual": 0.001884 },
    "tramo_4": { "desde": 5000001, "hasta": 7000000, "tasa_mensual": 0.001812 },
    "tramo_5": { "desde": 7000001, "hasta": null, "tasa_mensual": 0.0018 }
  }
}